Loss_NON_Standard, Loss_Standard
51970.83285319,0.20234203338623047
